{
  "x": 0,
  "y": 10308.2998046875,
  "width": 1268,
  "height": 1162.0833740234375
}