{
  "x": 0,
  "y": 8087.43310546875,
  "width": 438,
  "height": 1559.4833984375
}