{
  "x": 0,
  "y": 7998.81689453125,
  "width": 438,
  "height": 1559.4833984375
}