{
  "x": 0,
  "y": 7800.93310546875,
  "width": 438,
  "height": 1559.4833984375
}